{
  "aggressive": {
    "k": [
      1,
      2,
      3,
      4,
      5,
      6,
      7,
      8,
      9,
      10,
      11,
      12,
      13,
      14,
      15,
      16,
      17,
      18,
      19,
      20,
      21,
      22,
      23
    ],
    "attack_success_before": [
      1.0,
      1.0,
      1.0,
      1.0,
      1.0,
      1.0,
      1.0,
      1.0,
      1.0,
      1.0,
      1.0,
      1.0,
      1.0,
      1.0,
      1.0,
      1.0,
      1.0,
      1.0,
      1.0,
      1.0,
      1.0,
      1.0,
      1.0
    ],
    "attack_success_after": [
      0.3575,
      1.0,
      1.0,
      1.0,
      1.0,
      1.0,
      1.0,
      1.0,
      1.0,
      1.0,
      1.0,
      1.0,
      1.0,
      1.0,
      1.0,
      1.0,
      1.0,
      1.0,
      1.0,
      1.0,
      1.0,
      1.0,
      1.0
    ],
    "restoration_rate": [
      0.6425,
      0.0,
      0.0,
      0.0,
      0.0,
      0.0,
      0.0,
      0.0,
      0.0,
      0.0,
      0.0,
      0.0,
      0.0,
      0.0,
      0.0,
      0.0,
      0.0,
      0.0,
      0.0,
      0.0,
      0.0,
      0.0,
      0.0
    ]
  },
  "stealthy": {
    "k": [
      1,
      2,
      3,
      4,
      5,
      6,
      7,
      8,
      9,
      10,
      11,
      12,
      13,
      14,
      15,
      16,
      17,
      18,
      19,
      20,
      21,
      22,
      23
    ],
    "attack_success_before": [
      0.8825,
      0.8825,
      0.8825,
      0.8825,
      0.8825,
      0.8825,
      0.8825,
      0.8825,
      0.8825,
      0.8825,
      0.8825,
      0.8825,
      0.8825,
      0.8825,
      0.8825,
      0.8825,
      0.8825,
      0.8825,
      0.8825,
      0.8825,
      0.8825,
      0.8825,
      0.8825
    ],
    "attack_success_after": [
      0.6425,
      0.8055,
      0.884,
      0.8725,
      0.876,
      0.889,
      0.887,
      0.8875,
      0.8795,
      0.881,
      0.8835,
      0.888,
      0.891,
      0.89,
      0.8895,
      0.892,
      0.8855,
      0.8865,
      0.8835,
      0.8835,
      0.883,
      0.8835,
      0.8825
    ],
    "restoration_rate": [
      0.2725212464589235,
      0.1320113314447592,
      0.04872521246458923,
      0.057790368271954676,
      0.038526912181303115,
      0.03059490084985836,
      0.03172804532577904,
      0.028895184135977338,
      0.03512747875354107,
      0.029461756373937678,
      0.02322946175637394,
      0.019263456090651557,
      0.0113314447592068,
      0.012464589235127478,
      0.00793201133144476,
      0.006798866855524079,
      0.0016997167138810198,
      0.0022662889518413596,
      0.0,
      0.0,
      0.0,
      0.0,
      0.0
    ]
  }
}