{
  "aggressive": {
    "k": [
      1,
      2,
      3,
      4,
      5,
      6,
      7,
      8,
      9,
      10,
      11,
      12,
      13,
      14,
      15,
      16,
      17,
      18,
      19,
      20,
      21,
      22,
      23
    ],
    "attack_success_before": [
      1.0,
      1.0,
      1.0,
      1.0,
      1.0,
      1.0,
      1.0,
      1.0,
      1.0,
      1.0,
      1.0,
      1.0,
      1.0,
      1.0,
      1.0,
      1.0,
      1.0,
      1.0,
      1.0,
      1.0,
      1.0,
      1.0,
      1.0
    ],
    "attack_success_after": [
      0.358,
      1.0,
      1.0,
      1.0,
      1.0,
      1.0,
      1.0,
      1.0,
      1.0,
      1.0,
      1.0,
      1.0,
      1.0,
      1.0,
      1.0,
      1.0,
      1.0,
      1.0,
      1.0,
      1.0,
      1.0,
      1.0,
      1.0
    ],
    "restoration_rate": [
      0.642,
      0.0,
      0.0,
      0.0,
      0.0,
      0.0,
      0.0,
      0.0,
      0.0,
      0.0,
      0.0,
      0.0,
      0.0,
      0.0,
      0.0,
      0.0,
      0.0,
      0.0,
      0.0,
      0.0,
      0.0,
      0.0,
      0.0
    ]
  },
  "stealthy": {
    "k": [
      1,
      2,
      3,
      4,
      5,
      6,
      7,
      8,
      9,
      10,
      11,
      12,
      13,
      14,
      15,
      16,
      17,
      18,
      19,
      20,
      21,
      22,
      23
    ],
    "attack_success_before": [
      0.7325,
      0.7325,
      0.7325,
      0.7325,
      0.7325,
      0.7325,
      0.7325,
      0.7325,
      0.7325,
      0.7325,
      0.7325,
      0.7325,
      0.7325,
      0.7325,
      0.7325,
      0.7325,
      0.7325,
      0.7325,
      0.7325,
      0.7325,
      0.7325,
      0.7325,
      0.7325
    ],
    "attack_success_after": [
      0.642,
      0.8055,
      0.7545,
      0.7485,
      0.7685,
      0.746,
      0.7545,
      0.7555,
      0.7305,
      0.733,
      0.7405,
      0.7365,
      0.7405,
      0.744,
      0.745,
      0.733,
      0.7315,
      0.7335,
      0.733,
      0.733,
      0.733,
      0.7325,
      0.7325
    ],
    "restoration_rate": [
      0.1242320819112628,
      0.07235494880546076,
      0.07918088737201365,
      0.04778156996587031,
      0.048464163822525594,
      0.04505119453924915,
      0.03686006825938567,
      0.029351535836177476,
      0.026621160409556314,
      0.024573378839590442,
      0.022525597269624574,
      0.022525597269624574,
      0.022525597269624574,
      0.020477815699658702,
      0.017747440273037544,
      0.0027303754266211604,
      0.0027303754266211604,
      0.0006825938566552901,
      0.0006825938566552901,
      0.0,
      0.0,
      0.0,
      0.0
    ]
  }
}