{
  "aggressive": {
    "k": [
      1,
      2,
      3,
      4,
      5,
      6,
      7,
      8,
      9,
      10,
      11,
      12,
      13,
      14,
      15,
      16,
      17,
      18,
      19,
      20,
      21,
      22,
      23,
      24,
      25,
      26,
      27,
      28,
      29,
      30,
      31,
      32,
      33,
      34,
      35,
      36,
      37,
      38,
      39,
      40,
      41,
      42,
      43,
      44,
      45,
      46,
      47,
      48,
      49,
      50,
      51,
      52,
      53,
      54,
      55,
      56,
      57
    ],
    "attack_success_before": [
      1.0,
      1.0,
      1.0,
      1.0,
      1.0,
      1.0,
      1.0,
      1.0,
      1.0,
      1.0,
      1.0,
      1.0,
      1.0,
      1.0,
      1.0,
      1.0,
      1.0,
      1.0,
      1.0,
      1.0,
      1.0,
      1.0,
      1.0,
      1.0,
      1.0,
      1.0,
      1.0,
      1.0,
      1.0,
      1.0,
      1.0,
      1.0,
      1.0,
      1.0,
      1.0,
      1.0,
      1.0,
      1.0,
      1.0,
      1.0,
      1.0,
      1.0,
      1.0,
      1.0,
      1.0,
      1.0,
      1.0,
      1.0,
      1.0,
      1.0,
      1.0,
      1.0,
      1.0,
      1.0,
      1.0,
      1.0,
      1.0
    ],
    "attack_success_after": [
      0.6818675352877307,
      1.0,
      1.0,
      1.0,
      1.0,
      1.0,
      1.0,
      1.0,
      1.0,
      1.0,
      1.0,
      1.0,
      1.0,
      1.0,
      1.0,
      1.0,
      1.0,
      1.0,
      1.0,
      1.0,
      1.0,
      1.0,
      1.0,
      1.0,
      1.0,
      1.0,
      1.0,
      1.0,
      1.0,
      1.0,
      1.0,
      1.0,
      1.0,
      1.0,
      1.0,
      1.0,
      1.0,
      1.0,
      1.0,
      1.0,
      1.0,
      1.0,
      1.0,
      1.0,
      1.0,
      1.0,
      1.0,
      1.0,
      1.0,
      1.0,
      1.0,
      1.0,
      1.0,
      1.0,
      1.0,
      1.0,
      1.0
    ],
    "restoration_rate": [
      0.31813246471226925,
      0.0,
      0.0,
      0.0,
      0.0,
      0.0,
      0.0,
      0.0,
      0.0,
      0.0,
      0.0,
      0.0,
      0.0,
      0.0,
      0.0,
      0.0,
      0.0,
      0.0,
      0.0,
      0.0,
      0.0,
      0.0,
      0.0,
      0.0,
      0.0,
      0.0,
      0.0,
      0.0,
      0.0,
      0.0,
      0.0,
      0.0,
      0.0,
      0.0,
      0.0,
      0.0,
      0.0,
      0.0,
      0.0,
      0.0,
      0.0,
      0.0,
      0.0,
      0.0,
      0.0,
      0.0,
      0.0,
      0.0,
      0.0,
      0.0,
      0.0,
      0.0,
      0.0,
      0.0,
      0.0,
      0.0,
      0.0
    ]
  },
  "stealthy": {
    "k": [
      1,
      2,
      3,
      4,
      5,
      6,
      7,
      8,
      9,
      10,
      11,
      12,
      13,
      14,
      15,
      16,
      17,
      18,
      19,
      20,
      21,
      22,
      23,
      24,
      25,
      26,
      27,
      28,
      29,
      30,
      31,
      32,
      33,
      34,
      35,
      36,
      37,
      38,
      39,
      40,
      41,
      42,
      43,
      44,
      45,
      46,
      47,
      48,
      49,
      50,
      51,
      52,
      53,
      54,
      55,
      56,
      57
    ],
    "attack_success_before": [
      0.8762214983713354,
      0.8762214983713354,
      0.8762214983713354,
      0.8762214983713354,
      0.8762214983713354,
      0.8762214983713354,
      0.8762214983713354,
      0.8762214983713354,
      0.8762214983713354,
      0.8762214983713354,
      0.8762214983713354,
      0.8762214983713354,
      0.8762214983713354,
      0.8762214983713354,
      0.8762214983713354,
      0.8762214983713354,
      0.8762214983713354,
      0.8762214983713354,
      0.8762214983713354,
      0.8762214983713354,
      0.8762214983713354,
      0.8762214983713354,
      0.8762214983713354,
      0.8762214983713354,
      0.8762214983713354,
      0.8762214983713354,
      0.8762214983713354,
      0.8762214983713354,
      0.8762214983713354,
      0.8762214983713354,
      0.8762214983713354,
      0.8762214983713354,
      0.8762214983713354,
      0.8762214983713354,
      0.8762214983713354,
      0.8762214983713354,
      0.8762214983713354,
      0.8762214983713354,
      0.8762214983713354,
      0.8762214983713354,
      0.8762214983713354,
      0.8762214983713354,
      0.8762214983713354,
      0.8762214983713354,
      0.8762214983713354,
      0.8762214983713354,
      0.8762214983713354,
      0.8762214983713354,
      0.8762214983713354,
      0.8762214983713354,
      0.8762214983713354,
      0.8762214983713354,
      0.8762214983713354,
      0.8762214983713354,
      0.8762214983713354,
      0.8762214983713354,
      0.8762214983713354
    ],
    "attack_success_after": [
      0.4592833876221498,
      0.8110749185667753,
      0.9131378935939196,
      0.8338762214983714,
      0.8751357220412594,
      0.8707926167209555,
      0.8718783930510315,
      0.8653637350705755,
      0.8631921824104235,
      0.8631921824104235,
      0.8664495114006515,
      0.8675352877307275,
      0.8631921824104235,
      0.8545059717698155,
      0.8545059717698155,
      0.8512486427795874,
      0.8523344191096635,
      0.8512486427795874,
      0.8545059717698155,
      0.8545059717698155,
      0.8555917480998915,
      0.8566775244299675,
      0.8566775244299675,
      0.8555917480998915,
      0.8534201954397395,
      0.8534201954397395,
      0.8534201954397395,
      0.8523344191096635,
      0.8501628664495114,
      0.8523344191096635,
      0.8512486427795874,
      0.8490770901194354,
      0.8523344191096635,
      0.8588490770901195,
      0.8566775244299675,
      0.8599348534201955,
      0.8610206297502715,
      0.8610206297502715,
      0.8642779587404995,
      0.8653637350705755,
      0.8642779587404995,
      0.8686210640608035,
      0.8686210640608035,
      0.8664495114006515,
      0.8697068403908795,
      0.8653637350705755,
      0.8621064060803475,
      0.8621064060803475,
      0.8653637350705755,
      0.8664495114006515,
      0.8686210640608035,
      0.8707926167209555,
      0.8718783930510315,
      0.8740499457111836,
      0.8751357220412594,
      0.8762214983713354,
      0.8762214983713354
    ],
    "restoration_rate": [
      0.4969021065675341,
      0.08674101610904585,
      0.0322180916976456,
      0.06939281288723669,
      0.03717472118959108,
      0.03841387856257745,
      0.03841387856257745,
      0.040892193308550186,
      0.040892193308550186,
      0.042131350681536554,
      0.03717472118959108,
      0.03717472118959108,
      0.03717472118959108,
      0.040892193308550186,
      0.040892193308550186,
      0.042131350681536554,
      0.040892193308550186,
      0.042131350681536554,
      0.03965303593556382,
      0.03965303593556382,
      0.042131350681536554,
      0.03965303593556382,
      0.03841387856257745,
      0.03717472118959108,
      0.03593556381660471,
      0.03593556381660471,
      0.03593556381660471,
      0.03717472118959108,
      0.03841387856257745,
      0.03469640644361834,
      0.03593556381660471,
      0.03717472118959108,
      0.03345724907063197,
      0.026022304832713755,
      0.028500619578686492,
      0.026022304832713755,
      0.024783147459727387,
      0.024783147459727387,
      0.023543990086741014,
      0.022304832713754646,
      0.022304832713754646,
      0.01734820322180917,
      0.01734820322180917,
      0.01858736059479554,
      0.01486988847583643,
      0.01734820322180917,
      0.01858736059479554,
      0.01858736059479554,
      0.01486988847583643,
      0.013630731102850062,
      0.011152416356877323,
      0.008674101610904586,
      0.007434944237918215,
      0.004956629491945477,
      0.0012391573729863693,
      0.0,
      0.0
    ]
  }
}