{
  "aggressive": {
    "k": [
      1,
      2,
      3,
      4,
      5,
      6,
      7,
      8,
      9,
      10,
      11,
      12,
      13,
      14,
      15,
      16,
      17,
      18,
      19,
      20,
      21,
      22,
      23,
      24,
      25,
      26,
      27,
      28,
      29,
      30,
      31,
      32,
      33,
      34,
      35,
      36,
      37,
      38,
      39,
      40,
      41,
      42,
      43,
      44,
      45,
      46,
      47,
      48,
      49,
      50,
      51,
      52,
      53,
      54,
      55,
      56,
      57
    ],
    "attack_success_before": [
      1.0,
      1.0,
      1.0,
      1.0,
      1.0,
      1.0,
      1.0,
      1.0,
      1.0,
      1.0,
      1.0,
      1.0,
      1.0,
      1.0,
      1.0,
      1.0,
      1.0,
      1.0,
      1.0,
      1.0,
      1.0,
      1.0,
      1.0,
      1.0,
      1.0,
      1.0,
      1.0,
      1.0,
      1.0,
      1.0,
      1.0,
      1.0,
      1.0,
      1.0,
      1.0,
      1.0,
      1.0,
      1.0,
      1.0,
      1.0,
      1.0,
      1.0,
      1.0,
      1.0,
      1.0,
      1.0,
      1.0,
      1.0,
      1.0,
      1.0,
      1.0,
      1.0,
      1.0,
      1.0,
      1.0,
      1.0,
      1.0
    ],
    "attack_success_after": [
      0.6145494028230185,
      1.0,
      1.0,
      1.0,
      0.997828447339848,
      0.997828447339848,
      0.997828447339848,
      0.997828447339848,
      0.997828447339848,
      0.997828447339848,
      0.997828447339848,
      0.997828447339848,
      0.997828447339848,
      1.0,
      1.0,
      1.0,
      1.0,
      1.0,
      1.0,
      1.0,
      1.0,
      1.0,
      1.0,
      1.0,
      1.0,
      1.0,
      1.0,
      1.0,
      1.0,
      1.0,
      1.0,
      1.0,
      1.0,
      1.0,
      1.0,
      1.0,
      1.0,
      1.0,
      1.0,
      1.0,
      1.0,
      1.0,
      1.0,
      1.0,
      1.0,
      1.0,
      1.0,
      1.0,
      1.0,
      1.0,
      1.0,
      1.0,
      1.0,
      1.0,
      1.0,
      1.0,
      1.0
    ],
    "restoration_rate": [
      0.38545059717698155,
      0.0,
      0.0,
      0.0,
      0.002171552660152009,
      0.002171552660152009,
      0.002171552660152009,
      0.002171552660152009,
      0.002171552660152009,
      0.002171552660152009,
      0.002171552660152009,
      0.002171552660152009,
      0.002171552660152009,
      0.0,
      0.0,
      0.0,
      0.0,
      0.0,
      0.0,
      0.0,
      0.0,
      0.0,
      0.0,
      0.0,
      0.0,
      0.0,
      0.0,
      0.0,
      0.0,
      0.0,
      0.0,
      0.0,
      0.0,
      0.0,
      0.0,
      0.0,
      0.0,
      0.0,
      0.0,
      0.0,
      0.0,
      0.0,
      0.0,
      0.0,
      0.0,
      0.0,
      0.0,
      0.0,
      0.0,
      0.0,
      0.0,
      0.0,
      0.0,
      0.0,
      0.0,
      0.0,
      0.0
    ]
  },
  "stealthy": {
    "k": [
      1,
      2,
      3,
      4,
      5,
      6,
      7,
      8,
      9,
      10,
      11,
      12,
      13,
      14,
      15,
      16,
      17,
      18,
      19,
      20,
      21,
      22,
      23,
      24,
      25,
      26,
      27,
      28,
      29,
      30,
      31,
      32,
      33,
      34,
      35,
      36,
      37,
      38,
      39,
      40,
      41,
      42,
      43,
      44,
      45,
      46,
      47,
      48,
      49,
      50,
      51,
      52,
      53,
      54,
      55,
      56,
      57
    ],
    "attack_success_before": [
      0.9837133550488599,
      0.9837133550488599,
      0.9837133550488599,
      0.9837133550488599,
      0.9837133550488599,
      0.9837133550488599,
      0.9837133550488599,
      0.9837133550488599,
      0.9837133550488599,
      0.9837133550488599,
      0.9837133550488599,
      0.9837133550488599,
      0.9837133550488599,
      0.9837133550488599,
      0.9837133550488599,
      0.9837133550488599,
      0.9837133550488599,
      0.9837133550488599,
      0.9837133550488599,
      0.9837133550488599,
      0.9837133550488599,
      0.9837133550488599,
      0.9837133550488599,
      0.9837133550488599,
      0.9837133550488599,
      0.9837133550488599,
      0.9837133550488599,
      0.9837133550488599,
      0.9837133550488599,
      0.9837133550488599,
      0.9837133550488599,
      0.9837133550488599,
      0.9837133550488599,
      0.9837133550488599,
      0.9837133550488599,
      0.9837133550488599,
      0.9837133550488599,
      0.9837133550488599,
      0.9837133550488599,
      0.9837133550488599,
      0.9837133550488599,
      0.9837133550488599,
      0.9837133550488599,
      0.9837133550488599,
      0.9837133550488599,
      0.9837133550488599,
      0.9837133550488599,
      0.9837133550488599,
      0.9837133550488599,
      0.9837133550488599,
      0.9837133550488599,
      0.9837133550488599,
      0.9837133550488599,
      0.9837133550488599,
      0.9837133550488599,
      0.9837133550488599,
      0.9837133550488599
    ],
    "attack_success_after": [
      0.5374592833876222,
      0.9174809989142236,
      0.8925081433224755,
      0.9001085776330076,
      0.8990228013029316,
      0.9001085776330076,
      0.9011943539630836,
      0.8990228013029316,
      0.8990228013029316,
      0.9001085776330076,
      0.9001085776330076,
      0.9033659066232356,
      0.9033659066232356,
      0.9033659066232356,
      0.9033659066232356,
      0.9033659066232356,
      0.9044516829533116,
      0.9218241042345277,
      0.9218241042345277,
      0.9163952225841476,
      0.9163952225841476,
      0.9163952225841476,
      0.9229098805646037,
      0.9229098805646037,
      0.9261672095548317,
      0.9261672095548317,
      0.9272529858849077,
      0.9326818675352877,
      0.9305103148751357,
      0.9402823018458197,
      0.9391965255157437,
      0.9446254071661238,
      0.9533116178067318,
      0.9533116178067318,
      0.9543973941368078,
      0.9695982627578719,
      0.9750271444082519,
      0.9761129207383279,
      0.9782844733984799,
      0.9782844733984799,
      0.9782844733984799,
      0.9815418023887079,
      0.9804560260586319,
      0.9804560260586319,
      0.9804560260586319,
      0.9804560260586319,
      0.9815418023887079,
      0.9815418023887079,
      0.9815418023887079,
      0.9826275787187839,
      0.9826275787187839,
      0.9837133550488599,
      0.9837133550488599,
      0.9837133550488599,
      0.9837133550488599,
      0.9837133550488599,
      0.9837133550488599
    ],